{"cameraMode":{"drawMode":0,"name":"Shaded","section":"Shading Mode"},"sceneLighting":false,"audioPlay":false,"sceneViewState":{"m_AlwaysRefresh":false,"showFog":true,"showSkybox":false,"showFlares":true,"showImageEffects":true,"showParticleSystems":true,"showVisualEffectGraphs":true,"m_FxEnabled":true},"in2DMode":false,"pivot":{"x":-32.83134078979492,"y":-38.15896987915039,"z":38.024559020996097},"rotation":{"x":0.22320573031902314,"y":-0.18811102211475373,"z":0.04394596070051193,"w":0.9554386138916016},"size":0.8660253882408142,"orthographic":false}